game_id,player_id,Player,MIN,FGM-A,3PM-A,FTM-A,OREB,DREB,REB,AST,STL,BLK,TO,PF,PTS
1,20.0,Alex Miller,17,2-3,0-0,0-0,2,2,4,1,0,2,0,1,4
1,2.0,Onterio Miller,22,3-4,0-1,0-0,0,2,2,2,1,0,1,1,4
1,3.0,Darrell Green,28,3-7,0-3,2-2,1,1,2,0,1,0,0,1,8
1,11.0,Jacob Morgan,35,5-14,1-2,0-0,0,5,5,6,3,1,5,2,11
1,16.0,Can Dalli,28,5-11,3-7,0-0,0,1,1,1,2,0,2,1,13
1,1.0,Brandon Joseph,22,4-8,0-0,1-4,3,8,11,0,0,1,0,1,9
1,8.0,Liech Kong,20,5-7,4-5,0-0,1,2,3,2,0,3,5,4,14
1,9.0,Mal Graham,2,0-1,0-0,0-0,0,0,0,0,2,0,0,1,0
1,,Darnell Morris Jr.,15,0-1,0-0,2-2,0,4,4,2,0,0,3,0,2
1,12.0,Peter Capan,3,0-0,0-0,0-0,0,0,0,1,0,0,1,0,0
1,15.0,Jordan Price,8,0-2,0-1,1-2,0,1,1,0,1,0,2,1,1
2,1.0,Brandon Joseph,30,2-6,0-0,7-8,2,8,10,2,1,0,1,3,11
2,20.0,Alex Miller,22,4-6,0-0,0-1,1,2,3,2,0,2,1,2,8
2,2.0,Onterio Miller,29,7-16,3-7,0-2,2,1,3,2,0,0,0,1,17
2,11.0,Jacob Morgan,33,6-15,0-2,4-5,0,4,4,4,3,0,6,3,16
2,16.0,Can Dalli,12,1-6,1-6,0-0,1,2,3,0,2,0,3,0,3
2,5.0,Thomas Lewis,6,0-1,0-1,0-0,0,0,0,0,0,0,0,0,0
2,6.0,Jaden Workman,10,0-1,0-0,0-0,0,0,0,2,1,0,0,0,0
2,7.0,Josiah Gregg,6,1-2,0-0,1-2,1,2,3,0,0,0,1,1,3
2,8.0,Liech Kong,13,2-4,1-2,0-0,4,1,5,1,0,1,0,1,5
2,9.0,Mal Graham,1,0-0,0-0,0-0,0,0,0,0,0,0,0,1,0
2,,Darnell Morris Jr.,4,0-2,0-1,1-2,2,1,3,1,0,0,1,1,1
2,12.0,Peter Capan,12,0-3,0-1,0-0,0,1,1,0,0,0,0,2,0
2,15.0,Jordan Price,6,0-1,0-1,2-2,0,1,1,0,0,0,0,0,2
2,17.0,BJ Smith,16,2-3,1-2,0-0,0,2,2,1,1,0,0,2,5
3,8.0,Liech Kong,33,6-11,1-4,2-4,7,4,11,0,1,2,4,2,15
3,20.0,Alex Miller,14,0-6,0-0,0-0,3,0,3,1,0,0,0,1,0
3,2.0,Onterio Miller,25,2-5,0-1,4-5,0,1,1,1,0,0,2,5,8
3,11.0,Jacob Morgan,35,3-14,3-14,3-4,1,4,5,3,3,0,2,2,10
3,16.0,Can Dalli,23,3-11,3-11,4-4,1,0,1,1,0,0,1,0,13
3,1.0,Brandon Joseph,22,3-4,0-0,2-3,3,7,10,0,1,1,1,4,8
3,5.0,Thomas Lewis,8,2-3,2-3,0-0,0,0,0,0,0,0,1,1,6
3,6.0,Jaden Workman,17,2-2,2-2,0-0,0,0,0,2,0,0,1,1,5
3,7.0,Josiah Gregg,1,0-0,0-0,0-0,1,1,2,0,0,0,1,0,0
3,10.0,Darnell Morris,8,0-1,0-1,0-0,0,0,0,1,1,0,2,0,0
3,12.0,Peter Capan,2,0-2,0-2,0-0,0,0,0,0,0,0,0,1,0
3,17.0,BJ Smith,12,0-3,0-2,0-0,0,2,2,0,0,0,1,1,0
4,8.0,Liech Kong,24,2-8,1-4,4-4,0,5,5,0,0,1,0,2,9
4,20.0,Alex Miller,20,0-2,0-0,0-0,2,7,9,1,0,1,0,2,0
4,2.0,Onterio Miller,29,5-11,3-7,0-0,0,1,1,0,0,0,2,2,13
4,3.0,Darrell Green,16,3-6,0-2,0-0,0,1,1,0,1,0,2,0,6
4,11.0,Jacob Morgan,29,5-15,0-3,1-2,0,0,0,4,0,0,0,1,11
4,1.0,Brandon Joseph,21,1-3,0-0,1-2,1,3,4,0,1,0,1,2,3
4,5.0,Thomas Lewis,9,0-1,0-1,0-0,0,0,0,0,0,0,0,0,0
4,6.0,Jaden Workman,19,2-3,1-1,0-0,0,1,1,2,0,0,1,2,5
4,7.0,Josiah Gregg,2,0-1,0-0,0-0,0,0,0,0,0,0,0,1,0
4,,Darnell Morris Jr.,7,0-2,0-0,0-0,1,2,3,0,1,0,0,0,0
4,15.0,Jordan Price,13,2-4,0-1,0-0,0,1,1,0,0,0,1,0,4
4,17.0,BJ Smith,11,0-0,0-0,0-0,0,1,1,0,0,0,0,0,0
5,8.0,Liech Kong,32,5-8,0-2,2-5,2,7,9,2,0,3,0,4,12
5,2.0,Onterio Miller,30,2-6,1-3,2-2,3,3,6,1,0,0,4,1,7
5,3.0,Darrell Green,23,7-13,3-6,0-1,2,3,5,0,0,0,0,5,17
5,6.0,Jaden Workman,23,1-5,0-0,3-4,0,1,1,1,0,0,2,3,5
5,11.0,Jacob Morgan,37,7-12,0-1,6-7,0,4,4,4,5,0,4,1,20
5,1.0,Brandon Joseph,18,2-6,0-0,0-0,2,0,2,0,1,0,2,3,4
5,9.0,Mal Graham,5,0-0,0-0,0-0,0,0,0,1,0,0,1,1,0
5,,Darnell Morris Jr.,18,4-6,0-1,3-3,3,1,4,0,1,0,3,4,11
5,15.0,Jordan Price,5,1-3,0-1,0-0,0,0,0,0,0,0,1,0,2
5,17.0,BJ Smith,0,0-0,0-0,0-0,0,1,1,0,0,0,0,0,0
5,20.0,Alex Miller,9,2-3,0-0,0-0,1,0,1,0,0,0,0,0,4
6,8.0,Liech Kong,31,6-16,2-5,1-2,2,11,13,1,1,3,2,5,15
6,2.0,Onterio Miller,19,0-5,0-3,2-2,0,0,0,0,1,0,0,0,2
6,3.0,Darrell Green,24,2-7,0-2,0-2,2,6,8,2,1,0,1,1,4
6,6.0,Jaden Workman,23,1-4,1-1,0-0,2,0,2,0,2,0,4,3,3
6,11.0,Jacob Morgan,29,6-14,0-1,3-3,0,4,4,2,1,0,3,3,15
6,1.0,Brandon Joseph,6,0-0,0-0,1-2,1,0,1,0,0,1,2,0,1
6,5.0,Thomas Lewis,12,0-2,0-2,0-0,0,0,0,0,0,0,2,2,0
6,7.0,Josiah Gregg,2,0-0,0-0,0-0,0,0,0,0,0,0,0,1,0
6,9.0,Mal Graham,2,1-1,0-0,0-0,0,0,0,0,0,0,0,1,2
6,12.0,Peter Capan,16,1-5,1-3,0-0,0,1,1,0,2,0,1,0,3
6,13.0,David Nwankwo,8,0-3,0-1,1-4,2,3,5,0,0,0,0,0,1
6,14.0,Frank Pena,2,0-1,0-0,0-0,0,0,0,0,0,0,0,0,0
6,15.0,Jordan Price,1,0-0,0-0,0-0,0,0,0,0,0,0,0,0,0
6,16.0,Can Dalli,17,2-7,1-5,0-1,1,2,3,1,0,0,1,0,5
6,17.0,BJ Smith,1,0-0,0-0,0-0,0,0,0,0,0,0,0,0,0
6,19.0,Jon Perry,1,0-0,0-0,0-0,0,0,0,0,0,0,0,0,0
6,20.0,Alex Miller,6,1-4,0-0,2-3,3,1,4,1,0,0,2,2,4
7,8.0,Liech Kong,21,1-5,0-0,0-0,1,3,4,0,1,1,2,2,2
7,2.0,Onterio Miller,15,0-3,0-1,0-0,0,2,2,0,0,0,1,0,0
7,3.0,Darrell Green,26,3-9,0-4,1-2,1,7,8,1,3,0,4,2,7
7,6.0,Jaden Workman,23,6-6,1-1,0-0,0,2,2,3,2,0,1,3,13
7,11.0,Jacob Morgan,31,6-8,0-2,2-2,1,7,8,4,1,0,4,0,14
7,1.0,Brandon Joseph,7,1-2,0-0,0-0,1,3,4,0,0,1,1,1,2
7,5.0,Thomas Lewis,6,0-1,0-1,0-0,0,0,0,1,0,0,0,1,0
7,7.0,Josiah Gregg,4,1-3,0-0,0-0,0,0,0,0,0,0,1,1,2
7,9.0,Mal Graham,2,1-1,0-0,0-0,0,0,0,0,0,0,0,1,2
7,,Darnell Morris Jr.,17,2-4,1-2,2-4,0,2,2,0,0,0,2,0,7
7,12.0,Peter Capan,7,0-0,0-0,0-0,0,0,0,0,0,0,1,0,0
7,13.0,David Nwankwo,5,0-1,0-0,0-0,0,1,1,0,1,0,0,0,0
7,14.0,Frank Pena,2,0-0,0-0,0-0,0,0,0,0,0,0,0,0,0
7,15.0,Jordan Price,1,0-0,0-0,0-0,0,0,0,0,0,0,0,0,0
7,16.0,Can Dalli,18,5-9,3-7,1-1,0,1,1,1,1,0,0,2,14
7,17.0,BJ Smith,1,0-0,0-0,0-0,0,0,0,0,0,0,0,1,0
7,18.0,Stefan Macakanja,1,0-0,0-0,0-0,0,0,0,0,0,0,0,0,0
7,19.0,Jon Perry,2,0-0,0-0,0-0,0,0,0,0,0,0,0,0,0
7,20.0,Alex Miller,11,2-2,0-0,1-2,2,2,4,0,0,0,0,3,5
8,8.0,Liech Kong,21,2-5,0-2,0-0,1,2,3,3,2,1,3,1,4
8,2.0,Onterio Miller,30,5-11,4-8,0-0,5,4,9,0,0,0,1,0,14
8,3.0,Darrell Green,25,0-2,0-1,0-0,0,6,6,3,0,0,5,2,0
8,6.0,Jaden Workman,28,1-5,1-1,5-6,2,1,3,4,0,0,2,2,8
8,11.0,Jacob Morgan,25,1-3,0-0,1-5,0,2,2,2,0,0,1,4,3
8,1.0,Brandon Joseph,9,1-3,0-0,0-0,2,2,4,1,0,0,2,2,2
8,5.0,Thomas Lewis,4,0-1,0-1,0-0,0,0,0,0,0,0,0,0,0
8,,Darnell Morris Jr.,14,2-5,1-3,0-0,0,1,1,1,2,1,1,0,5
8,12.0,Peter Capan,7,0-1,0-0,0-0,0,0,0,0,0,0,1,0,0
8,16.0,Can Dalli,19,9-13,5-9,1-1,0,2,2,0,4,0,1,2,24
8,20.0,Alex Miller,18,3-4,0-0,0-1,0,5,5,1,0,0,2,2,6
9,8.0,Liech Kong,29,3-6,1-4,4-4,0,6,6,2,0,0,2,0,11
9,2.0,Onterio Miller,30,2-9,1-3,4-4,1,2,3,1,0,0,2,3,9
9,3.0,Darrell Green,29,8-8,3-3,0-1,2,1,3,0,0,1,2,1,19
9,6.0,Jaden Workman,30,3-8,0-2,2-2,0,4,4,3,0,2,4,4,8
9,16.0,Can Dalli,24,2-6,1-3,0-0,1,1,2,1,1,0,2,1,5
9,1.0,Brandon Joseph,7,1-1,0-0,0-0,1,2,3,0,0,0,2,3,2
9,7.0,Josiah Gregg,2,1-3,0-0,0-0,1,0,1,0,0,0,0,0,2
9,9.0,Mal Graham,2,0-0,0-0,0-0,0,0,0,0,0,0,0,0,0
9,,Darnell Morris Jr.,21,1-3,0-2,2-2,1,1,2,0,0,0,4,0,4
9,12.0,Peter Capan,6,2-2,1-1,0-0,0,0,0,1,0,0,2,1,5
9,13.0,David Nwankwo,1,0-1,0-0,0-0,0,0,0,0,0,0,0,0,0
9,14.0,Frank Pena,4,0-0,0-0,0-0,0,1,1,0,0,0,0,0,0
9,17.0,BJ Smith,3,0-0,0-0,0-0,0,0,0,1,0,0,0,0,0
9,19.0,Jon Perry,1,0-0,0-0,2-2,0,0,0,0,0,0,0,0,2
9,20.0,Alex Miller,11,1-4,0-0,0-0,2,2,4,1,0,1,0,1,2
10,8.0,Liech Kong,32,2-4,0-1,0-0,0,4,4,1,0,1,1,4,4
10,3.0,Darrell Green,21,2-9,1-3,2-4,2,2,4,0,0,0,3,1,7
10,6.0,Jaden Workman,18,3-4,0-0,0-0,1,0,1,0,1,0,3,1,6
10,11.0,Jacob Morgan,28,3-10,0-1,0-0,2,5,7,3,4,0,1,1,6
10,16.0,Can Dalli,20,3-10,3-10,2-3,0,0,0,0,0,0,2,0,11
10,1.0,Brandon Joseph,11,0-3,0-1,1-4,2,1,3,0,0,1,0,1,1
10,2.0,Onterio Miller,21,7-12,2-7,0-0,1,5,6,1,1,1,3,0,16
10,5.0,Thomas Lewis,11,1-4,1-3,0-0,1,0,1,3,0,0,0,0,3
10,7.0,Josiah Gregg,3,0-0,0-0,0-0,0,0,0,0,0,0,0,0,0
10,9.0,Mal Graham,3,0-2,0-1,0-0,0,0,0,0,0,0,1,1,0
10,,Darnell Morris Jr.,12,0-4,0-2,0-0,0,0,0,1,1,0,2,1,0
10,12.0,Peter Capan,3,0-0,0-0,0-0,0,0,0,0,0,0,0,0,0
10,15.0,Jordan Price,2,0-0,0-0,0-0,0,0,0,0,0,0,0,0,0
10,17.0,BJ Smith,5,0-2,0-1,0-0,1,1,2,1,0,0,1,0,0
10,19.0,Jon Perry,2,1-2,0-0,0-0,1,1,2,0,0,0,0,0,2
10,20.0,Alex Miller,8,1-2,0-0,0-0,0,1,1,0,0,1,1,1,2
11,8.0,Liech Kong,25,3-12,1-7,1-4,1,4,5,0,0,3,2,1,8
11,2.0,Onterio Miller,20,3-8,1-4,0-0,2,2,4,1,0,0,0,2,7
11,3.0,Darrell Green,20,3-8,2-5,0-2,1,1,2,1,0,1,0,2,8
11,6.0,Jaden Workman,16,2-2,0-0,2-3,1,0,1,0,0,0,2,0,6
11,11.0,Jacob Morgan,29,5-13,1-2,6-9,3,0,3,2,2,0,1,4,17
11,1.0,Brandon Joseph,7,0-1,0-0,0-2,1,2,3,0,0,1,0,1,0
11,5.0,Thomas Lewis,7,0-2,0-2,0-0,0,0,0,1,0,0,1,1,0
11,7.0,Josiah Gregg,4,1-1,0-0,0-0,0,0,0,1,1,0,1,2,2
11,9.0,Mal Graham,4,1-3,0-1,0-0,0,0,0,0,1,0,0,0,2
11,,Darnell Morris Jr.,19,2-2,1-1,2-5,0,4,4,1,2,1,1,3,7
11,12.0,Peter Capan,2,0-0,0-0,0-0,0,0,0,0,0,0,1,1,0
11,13.0,David Nwankwo,4,0-1,0-0,1-2,0,2,2,0,0,0,0,1,1
11,16.0,Can Dalli,15,1-5,1-3,0-0,0,0,0,0,0,0,1,2,3
11,17.0,BJ Smith,6,0-0,0-0,0-0,0,0,0,0,0,0,0,2,0
11,19.0,Jon Perry,14,1-5,0-1,1-2,7,2,9,0,0,0,1,0,3
11,20.0,Alex Miller,8,0-1,0-0,0-0,0,2,2,0,0,1,1,2,0
12,20.0,Alex Miller,30,7-8,0-0,0-1,2,5,7,1,0,2,1,1,14
12,3.0,Darrell Green,31,4-6,2-4,0-0,1,5,6,1,0,2,2,2,10
12,6.0,Jaden Workman,20,2-3,0-0,0-0,0,2,2,2,1,1,0,0,4
12,,Darnell Morris Jr.,21,1-7,0-2,0-0,0,4,4,1,2,0,3,2,2
12,11.0,Jacob Morgan,33,4-11,1-2,3-3,1,1,2,4,2,0,3,2,12
12,1.0,Brandon Joseph,4,0-1,0-0,0-0,1,1,2,1,0,0,2,1,0
12,2.0,Onterio Miller,19,2-8,1-5,2-Jan,0,1,1,1,1,0,1,1,6
12,8.0,Liech Kong,12,2-3,0-1,0-0,1,0,1,1,0,0,0,1,4
12,16.0,Can Dalli,23,4-11,2-8,0-0,0,3,3,0,1,0,0,2,10
12,19.0,Jon Perry,7,0-1,0-0,0-0,1,0,1,0,1,0,1,1,0
13,3.0,Darrell Green,24,1-4,1-3,2-2,0,1,1,2,0,0,1,2,5
13,8.0,Liech Kong,28,3-6,1-3,1-2,0,7,7,0,1,1,7,3,8
13,,Darnell Morris Jr.,22,2-4,0-1,0-0,0,1,1,1,1,0,4,2,4
13,11.0,Jacob Morgan,34,2-5,1-1,7-8,0,4,4,5,1,0,5,2,12
13,20.0,Alex Miller,10,1-1,0-0,0-0,2,2,4,0,0,0,1,3,2
13,1.0,Brandon Joseph,16,3-6,0-0,4-7,1,3,4,0,2,0,3,3,10
13,2.0,Onterio Miller,10,0-1,0-1,0-0,1,0,1,0,1,0,2,0,0
13,5.0,Thomas Lewis,11,1-2,1-2,0-0,0,0,0,1,0,0,0,0,3
13,6.0,Jaden Workman,10,0-2,0-1,0-0,0,0,0,0,0,0,3,2,0
13,9.0,Mal Graham,4,0-1,0-0,0-0,0,0,0,0,1,0,0,1,0
13,12.0,Peter Capan,5,0-1,0-1,0-0,0,0,0,1,0,0,0,0,0
13,13.0,David Nwankwo,3,0-1,0-0,2-2,1,0,1,0,0,0,1,1,2
13,16.0,Can Dalli,17,2-6,2-6,0-0,0,3,3,0,0,0,1,1,6
13,19.0,Jon Perry,6,0-3,0-1,3-4,2,4,6,0,0,0,0,2,3
13,,Team,0,,,,4,3,7,0,0,0,0,0,0
14,8.0,Liech Kong,27,5-12,3-7,0-1,3,2,5,1,0,1,1,3,13
14,3.0,Darrell Green,31,2-9,0-4,0-0,5,2,7,0,1,1,1,2,4
14,,Darnell Morris Jr.,15,1-5,1-3,0-1,0,2,2,0,1,0,2,0,3
14,11.0,Jacob Morgan,38,3-10,0-3,6-8,3,4,7,7,5,0,8,1,12
14,16.0,Can Dalli,26,2-9,2-7,0-0,0,1,1,2,1,0,3,4,6
14,1.0,Brandon Joseph,8,1-2,0-0,0-0,1,0,1,1,0,2,2,1,2
14,2.0,Onterio Miller,12,2-6,2-4,0-0,1,1,2,1,1,0,0,3,6
14,5.0,Thomas Lewis,3,0-1,0-1,0-0,0,0,0,0,0,0,1,1,0
14,6.0,Jaden Workman,23,4-7,2-3,4-5,0,2,2,2,0,1,0,3,14
14,20.0,Alex Miller,17,2-3,0-0,0-0,2,7,9,1,0,2,1,1,4
15,8.0,Liech Kong,29,8-12,4-7,1-4,3,9,12,2,1,0,4,3,21
15,20.0,Alex Miller,24,2-6,0-0,0-2,0,0,0,3,2,1,3,2,4
15,6.0,Jaden Workman,30,2-4,1-2,2-3,0,3,3,1,2,1,2,1,7
15,11.0,Jacob Morgan,36,7-11,2-5,2-2,1,2,3,10,5,0,1,2,18
15,16.0,Can Dalli,23,1-5,1-4,0-0,0,3,3,0,0,0,2,0,3
15,1.0,Brandon Joseph,22,1-3,0-0,0-0,0,2,2,0,0,0,0,1,2
15,2.0,Onterio Miller,19,6-8,5-6,0-0,1,1,2,0,1,0,1,1,17
15,3.0,Darrell Green,7,0-0,0-0,0-0,0,0,0,0,0,0,0,0,0
15,,Darnell Morris Jr.,6,1-4,1-4,0-0,0,0,0,0,0,0,2,4,3
15,19.0,Jon Perry,4,0-1,0-1,0-0,0,1,1,0,0,0,0,0,0
16,8.0,Liech Kong,33,5-11,2-3,1-2,0,4,4,0,2,0,2,0,13
16,20.0,Alex Miller,13,0-3,0-0,0-0,0,1,1,2,0,0,1,1,0
16,3.0,Darrell Green,21,1-3,1-3,1-2,0,2,2,1,1,0,0,1,4
16,6.0,Jaden Workman,24,6-9,1-2,4-5,1,3,4,2,0,0,2,1,17
16,11.0,Jacob Morgan,32,4-13,0-2,1-1,1,5,6,0,0,0,3,0,9
16,1.0,Brandon Joseph,16,3-6,0-0,0-0,3,1,4,0,0,0,1,4,6
16,2.0,Onterio Miller,13,0-4,0-1,0-0,0,0,0,0,0,0,1,3,0
16,5.0,Thomas Lewis,2,0-0,0-0,0-0,0,0,0,0,0,0,0,0,0
16,7.0,Josiah Gregg,2,0-1,0-0,0-0,0,0,0,0,0,0,0,0,0
16,9.0,Mal Graham,3,0-0,0-0,1-2,0,0,0,0,0,0,0,0,1
16,,Darnell Morris Jr.,12,0-3,0-2,0-0,0,0,0,0,0,0,0,0,0
16,12.0,Peter Capan,2,1-1,0-0,0-0,0,0,0,0,0,0,0,0,2
16,13.0,David Nwankwo,2,0-0,0-0,1-2,1,0,1,0,0,0,0,0,1
16,15.0,Jordan Price,1,0-0,0-0,0-0,0,0,0,0,0,0,0,0,0
16,16.0,Can Dalli,13,0-4,0-3,0-0,0,2,2,0,0,0,0,1,0
16,17.0,BJ Smith,2,0-1,0-0,0-0,0,0,0,0,0,0,0,1,0
16,18.0,Stefan Macakanja,2,0-0,0-0,0-0,0,0,0,0,0,0,0,0,0
16,19.0,Jon Perry,6,0-2,0-1,0-0,0,0,0,0,0,0,0,0,0
16,,James Dugan,1,0-0,0-0,0-0,0,0,0,0,0,0,1,0,0
17,8.0,Liech Kong,32,5-11,0-3,3-7,1,4,5,0,0,1,2,0,13
17,3.0,Darrell Green,37,6-10,1-3,6-9,0,4,4,1,1,2,2,4,19
17,6.0,Jaden Workman,40,7-12,0-0,6-8,1,5,6,0,0,0,3,3,20
17,11.0,Jacob Morgan,35,8-15,0-2,7-8,1,2,3,6,4,0,3,4,23
17,16.0,Can Dalli,18,0-1,0-0,0-0,0,2,2,1,2,0,2,3,0
17,1.0,Brandon Joseph,12,2-4,0-0,0-2,0,2,2,0,0,0,0,2,4
17,2.0,Onterio Miller,34,3-9,1-4,2-4,2,3,5,1,1,1,0,5,9
17,,Darnell Morris Jr.,13,2-3,0-0,1-2,0,1,1,0,0,0,1,0,5
17,19.0,Jon Perry,3,1-1,1-1,0-0,1,1,2,1,0,0,0,0,3
17,20.0,Alex Miller,1,0-0,0-0,0-0,0,0,0,0,0,1,0,0,0
18,8.0,Liech Kong,39,6-12,4-8,1-2,1,9,10,3,1,1,1,3,17
18,20.0,Alex Miller,20,4-10,0-0,0-0,1,1,2,1,0,2,3,5,8
18,3.0,Darrell Green,25,3-9,2-6,3-3,0,2,2,2,1,0,1,3,11
18,6.0,Jaden Workman,21,0-2,0-0,0-0,0,1,1,4,0,0,2,1,0
18,11.0,Jacob Morgan,35,5-15,0-2,6-8,1,4,5,3,2,0,2,2,16
18,1.0,Brandon Joseph,20,1-2,0-0,2-2,4,2,6,2,0,1,2,4,4
18,2.0,Onterio Miller,24,4-9,1-2,0-0,4,2,6,0,1,0,0,0,9
18,,Darnell Morris Jr.,6,1-2,0-1,0-0,0,2,2,0,0,0,1,1,2
18,16.0,Can Dalli,8,1-3,0-2,0-0,0,0,0,0,0,0,1,0,2
18,19.0,Jon Perry,2,0-1,0-0,0-0,0,1,1,0,0,0,0,0,0
19,8.0,Liech Kong,36,4-10,1-4,2-4,3,5,8,0,1,2,4,1,11
19,20.0,Alex Miller,12,1-3,0-0,0-0,1,1,2,0,1,0,1,1,2
19,3.0,Darrell Green,29,3-5,2-4,3-4,2,4,6,0,0,1,1,1,11
19,6.0,Jaden Workman,24,2-3,1-1,0-1,2,1,3,2,0,0,1,1,5
19,11.0,Jacob Morgan,36,2-8,1-3,8-8,0,8,8,3,1,0,5,1,13
19,1.0,Brandon Joseph,16,0-3,0-0,1-2,1,6,7,2,0,3,1,3,1
19,2.0,Onterio Miller,24,3-6,1-3,5-7,0,4,4,0,1,0,2,3,12
19,,Darnell Morris Jr.,19,3-9,3-6,0-0,0,3,3,1,1,0,1,1,9
19,16.0,Can Dalli,4,0-2,0-2,0-0,0,0,0,0,0,0,0,2,0
20,20.0,Alex Miller,19,1-1,0-0,1-1,0,5,5,3,1,1,3,4,3
20,2.0,Onterio Miller,25,3-7,1-4,0-0,1,3,4,0,0,0,2,1,7
20,3.0,Darrell Green,22,5-12,0-4,0-0,2,1,3,0,1,0,4,1,10
20,6.0,Jaden Workman,27,1-6,0-2,0-0,1,1,2,1,3,1,4,5,2
20,11.0,Jacob Morgan,32,8-15,0-1,1-3,0,5,5,2,1,0,3,1,17
20,1.0,Brandon Joseph,18,2-6,0-0,1-2,1,8,9,0,0,1,0,4,5
20,5.0,Thomas Lewis,4,0-1,0-1,0-0,0,0,0,0,0,0,0,0,0
20,7.0,Josiah Gregg,3,0-0,0-0,0-0,0,0,0,0,0,0,0,2,0
20,9.0,Mal Graham,4,1-2,0-0,0-0,0,0,0,0,0,0,1,0,2
20,,Darnell Morris Jr.,26,5-10,0-3,2-2,1,3,4,0,0,0,1,0,12
20,12.0,Peter Capan,4,1-1,0-0,0-0,0,0,0,0,0,0,0,0,2
20,16.0,Can Dalli,12,2-3,1-2,0-0,0,1,1,0,0,0,2,0,5
20,19.0,Jon Perry,4,0-1,0-1,0-0,0,1,1,0,0,0,0,1,0
21,20.0,Alex Miller,27,3-7,0-0,1-3,2,6,8,1,1,0,2,1,7
21,2.0,Onterio Miller,20,1-7,0-4,0-0,1,1,2,0,0,0,2,4,2
21,3.0,Darrell Green,27,5-11,0-5,3-4,1,5,6,0,0,1,1,0,13
21,6.0,Jaden Workman,28,2-3,0-1,4-5,0,1,1,2,0,0,1,1,8
21,11.0,Jacob Morgan,34,5-13,1-1,5-6,2,4,6,3,1,1,3,3,16
21,1.0,Brandon Joseph,17,3-5,0-0,4-6,3,2,5,1,1,0,1,3,10
21,5.0,Thomas Lewis,3,0-0,0-0,2-2,0,1,1,0,0,0,0,0,2
21,7.0,Josiah Gregg,0,0-0,0-0,0-0,0,0,0,0,0,0,0,0,0
21,9.0,Mal Graham,4,2-2,2-2,0-0,0,0,0,0,0,0,0,1,6
21,,Darnell Morris Jr.,18,1-6,0-1,0-0,1,3,4,1,0,0,4,5,2
21,12.0,Peter Capan,2,0-0,0-0,0-0,0,0,0,1,0,0,1,1,0
21,16.0,Can Dalli,15,2-3,2-3,0-0,0,0,0,1,2,0,0,1,6
21,19.0,Jon Perry,5,0-1,0-0,0-0,1,1,2,0,0,0,0,0,0
22,20.0,Alex Miller,24,2-4,0-0,0-0,1,2,3,2,0,1,1,1,4
22,2.0,Onterio Miller,27,6-10,3-6,3-3,0,4,4,1,0,0,1,0,18
22,3.0,Darrell Green,32,3-6,1-3,2-2,1,6,7,3,0,0,4,2,9
22,6.0,Jaden Workman,27,3-7,0-0,4-6,0,2,2,0,1,0,5,3,10
22,11.0,Jacob Morgan,40,5-10,0-0,4-6,1,7,8,6,3,0,4,2,14
22,1.0,Brandon Joseph,19,5-7,0-0,2-4,3,1,4,1,0,1,3,5,12
22,,Darnell Morris Jr.,15,2-8,1-3,3-4,2,2,4,1,0,0,0,3,8
22,16.0,Can Dalli,16,4-8,3-5,1-2,1,3,4,0,1,0,0,0,12
23,20.0,Alex Miller,18,0-1,0-0,0-0,0,0,0,1,0,2,2,4,0
23,2.0,Onterio Miller,27,5-10,2-6,0-1,0,5,5,0,3,0,2,1,12
23,3.0,Darrell Green,31,4-14,2-8,1-2,0,5,5,2,3,0,3,3,11
23,6.0,Jaden Workman,33,1-4,0-0,5-6,0,5,5,3,0,0,2,2,7
23,11.0,Jacob Morgan,31,5-9,0-0,4-5,3,6,9,5,2,0,3,4,14
23,1.0,Brandon Joseph,17,7-7,0-0,4-6,2,5,7,2,2,1,2,5,18
23,5.0,Thomas Lewis,2,0-0,0-0,0-0,0,0,0,0,0,0,0,0,0
23,7.0,Josiah Gregg,4,0-0,0-0,0-0,0,1,1,0,0,0,2,3,0
23,9.0,Mal Graham,3,0-1,0-0,0-0,0,1,1,0,1,0,2,2,0
23,,Darnell Morris Jr.,20,3-5,2-3,1-2,0,4,4,1,0,1,1,1,9
23,12.0,Peter Capan,2,0-0,0-0,0-0,0,0,0,0,0,0,0,0,0
23,14.0,Frank Pena,2,0-0,0-0,0-0,0,0,0,0,0,0,0,2,0
23,16.0,Can Dalli,10,1-4,1-3,1-2,1,0,1,0,0,0,0,1,4
24,20.0,Alex Miller,15,0-0,0-0,0-0,1,0,1,1,1,0,0,1,0
24,2.0,Onterio Miller,20,1-5,0-3,0-0,0,4,4,1,0,0,1,1,2
24,3.0,Darrell Green,36,6-12,3-7,6-6,2,2,4,0,0,0,3,4,21
24,6.0,Jaden Workman,28,1-6,0-1,0-0,1,3,4,2,0,1,2,1,2
24,11.0,Jacob Morgan,36,8-17,0-3,2-3,0,3,3,1,3,0,1,1,18
24,1.0,Brandon Joseph,30,7-9,0-0,5-7,3,4,7,0,1,0,5,4,19
24,,Darnell Morris Jr.,20,2-7,1-3,1-3,2,1,3,0,0,1,0,4,6
24,16.0,Can Dalli,14,1-3,1-2,0-0,0,0,0,0,0,0,0,0,3
24,19.0,Jon Perry,1,0-1,0-1,0-0,0,0,0,0,0,0,1,0,0
25,20.0,Alex Miller,23,1-3,0-0,0-0,0,5,5,0,0,1,0,0,2
25,2.0,Onterio Miller,28,5-12,5-12,0-0,1,2,3,1,1,0,3,0,15
25,3.0,Darrell Green,32,4-10,2-7,4-5,0,7,7,0,2,0,1,3,14
25,6.0,Jaden Workman,26,4-7,1-2,3-4,0,1,1,4,4,1,0,0,12
25,11.0,Jacob Morgan,34,9-15,1-2,2-2,1,3,4,3,4,0,1,2,21
25,1.0,Brandon Joseph,22,3-8,0-0,1-2,3,4,7,3,2,0,1,3,7
25,5.0,Thomas Lewis,2,0-0,0-0,0-0,0,0,0,0,0,0,0,0,0
25,7.0,Josiah Gregg,2,1-1,0-0,0-0,0,0,0,0,0,0,0,0,2
25,9.0,Mal Graham,2,0-1,0-0,0-0,0,0,0,0,0,0,0,0,0
25,,Darnell Morris Jr.,13,1-3,0-2,0-0,1,2,3,2,0,0,2,1,2
25,12.0,Peter Capan,2,0-0,0-0,0-0,0,0,0,0,0,0,0,0,0
25,14.0,Frank Pena,2,0-1,0-0,0-0,0,0,0,0,0,0,0,1,0
25,16.0,Can Dalli,12,0-2,0-1,1-3,0,1,1,0,1,0,0,2,1
26,20.0,Alex Miller,12,0-1,0-0,2-2,2,4,6,1,0,0,3,1,2
26,2.0,Onterio Miller,25,2-9,0-6,0-0,0,3,3,2,0,0,2,1,4
26,3.0,Darrell Green,28,5-12,2-7,1-1,0,0,0,0,1,0,0,4,13
26,6.0,Jaden Workman,23,3-8,1-5,0-2,0,3,3,1,1,0,2,3,7
26,11.0,Jacob Morgan,38,9-16,1-3,3-3,1,4,5,2,3,0,1,3,22
26,1.0,Brandon Joseph,23,1-6,0-0,0-2,2,8,10,2,2,1,3,1,2
26,5.0,Thomas Lewis,2,0-0,0-0,0-0,0,0,0,0,0,0,0,0,0
26,7.0,Josiah Gregg,2,1-1,0-0,0-0,0,0,0,0,0,0,1,0,2
26,8.0,Liech Kong,17,1-3,0-1,0-0,0,2,2,1,0,0,3,0,2
26,9.0,Mal Graham,2,0-1,0-1,0-0,0,0,0,0,0,0,0,0,0
26,,Darnell Morris Jr.,18,2-5,0-3,1-1,1,2,3,0,0,1,1,0,5
26,12.0,Peter Capan,2,0-0,0-0,0-0,0,1,1,0,0,0,0,0,0
26,14.0,Frank Pena,2,0-0,0-0,0-0,0,0,0,0,0,0,0,0,0
26,16.0,Can Dalli,6,0-3,0-2,0-0,0,1,1,0,0,0,1,1,0
